title,link,
Nine dead after cable car falls in Italy,https://www.bbc.com/news/world-europe-57219737,
DR Congo volcano eruption sparks mass evacuation,https://www.bbc.com/news/world-africa-57215690,
In pictures: DR Congo's Mount Nyiragongo erupts,https://www.bbc.com/news/world-africa-57217598,
Verstappen leads in Monaco as Bottas retires and Hamilton loses places,https://www.bbc.com/sport/live/formula1/54909412,
Africa's top shots: Beach workouts and jab jubilation,https://www.bbc.com/news/world-africa-57184386,
Belarus 'diverts Ryanair jet to arrest journalist',https://www.bbc.com/news/world-europe-57219860,
Severe weather kills 21 ultramarathon runners,https://www.bbc.com/news/world-asia-china-57216601,
"India reports nearly 9,000 'black fungus' cases",https://www.bbc.com/news/world-asia-india-57217246,
"Premier League final day: Three teams, two Champions League spots - radio & text",https://www.bbc.com/sport/live/football/57003112,
Fury signs for third Wilder fight,https://www.bbc.com/sport/boxing/57216611,
Race for Europe set for dramatic final day,https://www.bbc.com/sport/football/57162779,
,,
,,
,,
Paying tribute to a pioneer of Nigerian cinema,https://www.bbc.com/news/world-africa-57156147,
Giving dignified funerals to the unidentified dead,https://www.bbc.com/news/world-africa-57205507,
French army chief accuses UN of bias over Mali,https://www.bbc.com/news/world-africa-57212774,
Why have infections spiked in the most vaccinated country?,https://www.bbc.com/news/57148348,
How gender equality is moving backwards,https://www.bbc.comhttps://www.bbc.com/worklife/article/20210518-the-hidden-load-how-thinking-of-everything-holds-mums-back,
The coded messages in hit songs,https://www.bbc.comhttps://www.bbc.com/culture/article/20210520-the-coded-messages-in-pop-songs,
Why is pet food so addictive?,https://www.bbc.comhttps://www.bbc.com/future/article/20210519-the-hidden-reason-processed-pet-foods-are-so-addictive,
The Italy most Italians don't see,https://www.bbc.comhttps://www.bbc.com/travel/story/20210517-the-sentiero-dei-parchi-a-new-hiking-trail-uniting-italy,
10 visionary ideas for the future,https://www.bbc.comhttps://www.bbc.com/culture/article/20210519-10-ways-to-make-a-better-world,
The year that changed food forever,https://www.bbc.comhttps://www.bbc.co.uk/programmes/articles/5p05JqddkVswVGzmzvl88vn/1971-the-year-that-changed-food-forever,
"'I still feel unsafe, something needs to change'",https://www.bbc.comhttps://www.bbc.co.uk/bbcthree/article/48d5148e-3fa9-4843-b859-144fe140fbed,
,,
,,
,,
The Navy sub commanded by artificial intelligence,https://www.bbc.comhttps://www.bbc.com/news/business-56993035,
Why video calls might be behind a rise in male cosmetic surgery,https://www.bbc.comhttps://www.bbc.com/news/business-57156535,
Lava destroys houses after DR Congo volcano erupts,https://www.bbc.com/news/world-africa-57217817,
Lava destroys houses after DR Congo volcano...,https://www.bbc.com/news/world-africa-57217817,
Inside Russia's Arctic military base,https://www.bbc.com/news/world-europe-57206208,
'We are all connected' - lockdown secrets...,https://www.bbc.com/news/uk-england-london-57189555,
Italy wins Eurovision: 'Rock and roll never...,https://www.bbc.com/news/entertainment-arts-57214475,
ICYMI: Eiffel Tower art and a new plane fuel,https://www.bbc.com/news/world-57192619,
Boris Johnson struggles in interview,https://www.bbc.com/news/uk-40358825,
Ready for the total solar eclipse?,https://www.bbc.com/news/world-us-canada-40362067,
Koalas 'face extinction' in parts of...,https://www.bbc.com/news/world-australia-40365981,
Video 'shows Mosul mosque's destruction',https://www.bbc.com/news/world-middle-east-40366136,
Indonesia's female 'devil wheel' riders,https://www.bbc.com/news/world-asia-40360168,
Why Iranians have been queueing for chicken,https://www.bbc.com/news/world-middle-east-57198846,
One-minute World News,https://www.bbc.com/news/10462520,
"No, your Covid jab isn't magnetic",https://www.bbc.com/news/57207134,
Queen Elizabeth tours the Queen Elizabeth,https://www.bbc.com/news/uk-57214467,
Eurovision winner denies taking drugs during event,https://www.bbc.com/news/world-europe-57217600,
Blavatnik tops UK rich list with £23bn fortune,https://www.bbc.com/news/business-57199171,
Tinder tweak warns: 'Think before sending abuse',https://www.bbc.com/news/technology-57201044,
'What's a duck?' Schools tackle nature-deprived kids,https://www.bbc.com/news/science-environment-57174581,
Pfizer and AZ jabs work against Indian variant,https://www.bbc.com/news/uk-57214596,
Glastonbury delivers nostalgia in the face of failure,https://www.bbc.com/news/entertainment-arts-57216005,
Chinese rover takes first drive on Mars,https://www.bbc.com/news/world-asia-china-57211001,
Should encryption be curbed to combat child abuse?,https://www.bbc.comhttps://www.bbc.com/news/business-57050689,
The app that lets you pay to control another person's life,https://www.bbc.comhttps://www.bbc.com/news/business-57085557,
Striking news pictures from around the world,https://www.bbc.com/news/in-pictures-57173186,
Powerful portraits on the cusp of adolescence,https://www.bbc.com/news/in-pictures-57062159,
Fear and mourning as Israel-Gaza violence rages on,https://www.bbc.com/news/world-middle-east-57154557,
In pictures: Lockdown eases in parts of the UK,https://www.bbc.com/news/in-pictures-57141035,
How Senegal marks Eid in style,https://www.bbc.com/news/world-africa-57113907,
ICYMI: Eiffel Tower art and a new plane fuel,,
In pictures: Fear and mourning as Israel-Gaza violence rages on,,
Covid: Why has Seychelles seen rising case numbers?,,
In pictures: Lockdown eases in parts of the UK,,
Eid in Senegal: Pictures of Dakar's Korité fashion,,
Covid: Pfizer and AstraZeneca jabs effective against Indian variant - study,,
China's Zhurong rover takes first drive on Mars,,
Week in pictures: 15 - 21 May 2021,,
Glastonbury live-stream delivers a rush of nostalgia in the face of failure,,
"'Miss, what's a duck?' Schools tackle nature-deprived kids",,
Powerful portraits of girls on the cusp of adolescence,,
Italy wins Eurovision: 'Rock and roll never dies',,
Tinder tweak urges people to think before sending abuse,,
Mount Nyiragongo: Lava destroys houses after DR Congo volcano erupts,,
Leonard Blavatnik named UK's richest person with £23bn fortune,,
Postcards: Londoners' lockdown secrets revealed,,
Inside Russia's Trefoil military base in the Arctic,,
Damiano David: Eurovision winner denies taking drugs during event,,
French army chief says UN report into air strike was biased,,
Ladi Ladebo: A pioneer of Nigerian cinema,,
Covid Vaccines: Could they be magnetic?,,
"Black fungus: India reports nearly 9,000 cases of rare infection",,
One-minute World News,,
'Devil wheel' rider: It makes me happy,,
Why Iranians have been queueing for chicken,,
Koalas 'facing extinction' in some Australian states,,
HMS Queen Elizabeth: The Queen tours Royal Navy flagship,,
North America prepares for August solar eclipse,,
Boris Johnson struggles in interview,,
Video 'shows destruction of Mosul's Great Mosque of al-Nuri',,
Senegal: Muslim volunteers organising funerals for the unidentified dead,,
Africa's week in pictures: 14-20 May 2021,,
"Belarus 'diverts Ryanair flight to arrest journalist', says opposition",,
China ultramarathon: Severe weather kills 21 runners,,
Fury v Wilder: Third fight signed for 24 July at Las Vegas venue,,
Premier League final day: What is left to be decided?,,
"In pictures: DR Congo's Mount Nyiragongo erupts, sparking mass evacuation",,
"Premier League final day: Three teams, two Champions League spots - radio & text",,
Mount Nyiragongo: DR Congo residents flee as volcano erupts,,
Italy cable car fall: Nine dead after accident near Lake Maggiore,,
Verstappen leads in Monaco as Bottas retires and Hamilton loses places,,
